deltaX,deltaY,deltaZ,delta_alpha,delta_beta,delta_gamma
-1.0,0.0,0.0,-3.141592502593994,-1.1920928955078125e-07,1.4210854715202004e-14
1.0,0.0,0.0,-3.141592502593994,-1.1920928955078125e-07,1.4210854715202004e-14
