deltaX,deltaY,deltaZ,delta_alpha,delta_beta,delta_gamma
0.0,0.0,0.0,-2.9802322387695312e-08,-1.1418741507895902e-09,8.52361470293772e-09
0.0,0.0,0.0,-0.03043636679649353,0.14505217969417572,0.9704177379608154
