deltaX,deltaY,deltaZ,delta_alpha,delta_beta,delta_gamma
-2.329371690750122,-8.61815465214022e-07,8.693333625793457,-2.9695780277252197,-3.1845009326934814,-2.0753397941589355
0.0,0.0,0.0,-0.03043636679649353,0.14505217969417572,0.9704177379608154
