deltaX,deltaY,deltaZ,delta_alpha,delta_beta,delta_gamma
-0.08709791302680969,5.69952867124357e-08,0.1582307368516922,2.9586670891035283e-08,-0.09281382709741592,6.099939753312356e-08
0.07205811142921448,-6.63272956558103e-08,-0.16562198102474213,-3.539246407058272e-08,0.09281382709741592,-6.40170725318967e-08
