deltaX,deltaY,deltaZ,delta_alpha,delta_beta,delta_gamma
0.0,0.0,0.0,-0.0,0.0,-0.0
0.0,-8.742277657347586e-08,1.0,0.34906575083732605,0.0,-0.0
0.0,-2.0,-1.1524090837156109e-07,0.5235987901687622,9.415230459407638e-17,-6.59261492366885e-17
2.6469779601696886e-23,3.8147766190377297e-07,-3.000000476837158,-3.4412757088375656e-08,0.5235987901687622,1.720637676783099e-08
4.0,-1.1920928244535389e-07,-5.960465188081798e-08,2.9802322387695312e-08,-5.960464477539063e-08,-1.3962633609771729
