deltaX,deltaY,deltaZ,delta_alpha,delta_beta,delta_gamma
0.0,0.0,0.0,-0.0,0.0,-0.0
0.0,-8.742277657347586e-08,1.0,0.34906575083732605,0.0,-0.0
0.0,-2.000000238418579,-1.152409225824158e-07,-0.34906575083732605,0.0,-0.0
