X,Y,Z,alpha,beta,gamma
-0.5,-0.5,12.0,-0.0,0.0,0.0
-0.5,0.5,10.0,-0.0872664600610733,1.9352461185300744e-17,-8.449418346657663e-19
