deltaX,deltaY,deltaZ,delta_alpha,delta_beta,delta_gamma
0.2677377462387085,-0.06886804103851318,-1.3869296312332153,-0.11027708649635315,-0.12699627876281738,-0.8189078569412231
1.946760704267384e-16,-0.12325704842805862,1.40883207321167,-0.017016205936670303,0.167142853140831,0.8133143782615662
