deltaX,deltaY,deltaZ,delta_alpha,delta_beta,delta_gamma
-3.82051157951355,-0.29327282309532166,5.204702377319336,-4.512426853179932,1.1059134006500244,0.19996125996112823
-1.0,-0.5000000596046448,0.8660253882408142,-0.20187707245349884,0.30070972442626953,0.18001504242420197
