X,Y,Z,alpha,beta,gamma
-0.0,-6.0,1.0,-1.570796251296997,-5.960464477539063e-08,5.960465188081798e-08
0.03723311796784401,-5.966628074645996,1.0,-1.570796251296997,-5.960464477539063e-08,-0.08726640045642853
