deltaX,deltaY,deltaZ,delta_alpha,delta_beta,delta_gamma
-0.03723311796784401,-0.033371925354003906,0.0,-3.141592502593994,-1.1920928955078125e-07,-0.0872664600610733
0.03723311796784401,0.033371925354003906,0.0,-3.141592502593994,0.08726634085178375,-6.832876042750513e-09
